t,pos,vel,acc,robot
0,-7.51E-06,-0.001501641,-0.150164103,-0.13
0.01,-3.00E-05,-0.003003192,-0.150155063,-1.30E-01
0.02,-6.76E-05,-0.004504375,-0.150118286,-1.30E-01
0.03,-0.000120116,-0.006004803,-0.150042882,-1.30E-01
0.04,-0.00018766,-0.007504067,-0.149926389,-1.30E-01
0.05,-0.000270189,-0.009001731,-0.149766356,-1.30E-01
0.06,-0.000367685,-0.010497334,-0.149560339,-1.30E-01
0.07,-0.000480123,-0.011990393,-0.14930591,-1.30E-01
0.08,-0.000607477,-0.0134804,-0.149000651,-0.129961108
0.09,-0.000749713,-0.014966821,-0.14864216,-0.129949125
0.1,-0.000906793,-0.016449102,-0.14822805,-0.129935283
0.11,-0.001078672,-0.017926661,-0.147755952,-0.129919503
0.12,-0.0012653,-0.019398897,-0.147223513,-0.129901707
0.13,-0.00146662,-0.020865181,-0.146628404,-0.129881817
0.14,-0.00168257,-0.022324864,-0.145968314,-0.129859756
0.15,-0.001913081,-0.023777273,-0.145240956,-0.129835448
0.16,-0.002158076,-0.025221714,-0.144444067,-0.129808818
0.17,-0.002417472,-0.026657468,-0.14357541,-0.129779791
0.18,-0.002691178,-0.028083796,-0.142632775,-0.129748293
0.19,-0.002979097,-0.029499936,-0.141613984,-0.129714253
0.2,-0.003281122,-0.030905104,-0.140516885,-0.129677599
0.21,-0.00359714,-0.032298498,-0.139339363,-0.129638261
0.22,-0.003927029,-0.033679291,-0.138079333,-0.129596169
0.23,-0.004270659,-0.035046639,-0.136734749,-0.129551256
0.24,-0.00462789,-0.036399675,-0.135303602,-0.129503455
0.25,-0.004998576,-0.037737514,-0.133783922,-0.129452702
0.26,-0.00538256,-0.039059252,-0.132173781,-0.129398932
0.27,-0.005779676,-0.040363965,-0.130471292,-0.129342084
0.28,-0.006189749,-0.041650711,-0.128674615,-0.129282097
0.29,-0.006612596,-0.042918531,-0.126781957,-0.129218911
0.3,-0.007048021,-0.044166446,-0.124791574,-0.12915247
0.31,-0.00749582,-0.045393464,-0.122701771,-0.129082718
0.32,-0.00795578,-0.046598573,-0.120510907,-0.129009602
0.33,-0.008427677,-0.047780747,-0.118217397,-0.128933069
0.34,-0.008911275,-0.048938944,-0.115819711,-0.12885307
0.35,-0.009406331,-0.050072108,-0.113316377,-0.128769557
0.36,-0.009912587,-0.051179168,-0.110705987,-0.128682484
0.37,-0.010429778,-0.05225904,-0.107987193,-0.128591807
0.38,-0.010957626,-0.053310627,-0.105158714,-0.128497487
0.39,-0.011495844,-0.05433282,-0.102219335,-0.128399482
0.4,-0.01204413,-0.055324499,-0.09916791,-0.128297758
0.41,-0.012602175,-0.056284533,-0.096003366,-0.128192279
0.42,-0.013169657,-0.05721178,-0.092724702,-0.128083014
0.43,-0.013746241,-0.05810509,-0.089330993,-0.127969934
0.44,-1.43E-02,-0.058963304,-0.085821391,-0.127853013
0.45,-0.014925326,-0.059785255,-0.08219513,-0.127732227
0.46,-0.015527101,-0.06056977,-0.078451524,-0.127607555
0.47,-0.016136528,-0.06131567,-0.074589973,-0.127478979
0.48,-0.016753216,-0.06202177,-0.070609961,-0.127346484
0.49,-0.017376759,-0.06268688,-0.066511064,-0.127210057
0.5,-0.018006742,-0.06330981,-0.062292945,-0.127069691
0.51,-0.018642738,-0.063889363,-0.057955362,-0.12692538
0.52,-0.019284307,-0.064424345,-0.053498169,-0.126777119
0.53,-0.019930996,-0.064913558,-0.048921314,-0.126624911
0.54,-0.020582343,-0.065355807,-0.044224846,-0.126468759
0.55,-0.021237871,-0.065749896,-0.039408917,-0.126308671
0.56,-0.021897094,-0.066094634,-0.034473779,-0.126144658
0.57,-0.022559511,-0.066388832,-0.029419791,-0.125976734
0.58,-0.023224612,-0.066631306,-0.024247422,-0.125804917
0.59,-0.023891873,-0.066820878,-0.018957247,-0.125629228
0.6,-0.024560759,-0.066956378,-0.013549953,-0.125449694
0.61,-0.025230724,-0.067036641,-0.008026343,-0.125266344
0.62,-0.02590121,-0.067060515,-0.002387334,-0.125079211
0.63,-0.026571647,-0.067026854,0.003366041,-0.124888331
0.64,-0.027241454,-0.066934528,0.009232627,-0.124693746
0.65,-0.027910039,-0.066782416,0.015211151,-0.124495501
0.66,-0.028576798,-0.066569414,0.021300213,-0.124293644
0.67,-0.029241117,-0.066294431,0.027498292,-0.12408823
0.68,-0.029902371,-0.065956394,0.03380374,-0.123879316
0.69,-0.030559924,-0.065554246,0.040214779,-0.123666962
0.7,-0.03121313,-0.065086951,0.046729503,-0.123451235
0.71,-0.031861333,-0.064553492,0.053345874,-0.123232206
0.72,-0.032503864,-0.063952875,0.060061723,-0.123009948
0.73,-0.033140049,-0.063284128,0.066874746,-0.122784542
0.74,-0.033769202,-0.062546303,0.073782501,-0.122556069
0.75,-0.034390626,-0.061738479,0.080782413,-0.122324618
0.76,-0.035003617,-0.060859761,0.087871766,-0.122090282
0.77,-0.035607462,-0.059909284,0.095047707,-0.121853157
0.78,-0.036201439,-0.058886211,0.10230724,-0.121613346
0.79,-0.036784819,-0.057789739,0.109647231,-0.121370953
0.8,-0.037356863,-0.056619095,0.117064401,-0.12112609
0.81,-0.037916827,-0.055373542,0.124555328,-0.120878872
0.82,-0.038463956,-0.054052377,0.132116447,-0.120629419
0.83,-0.038997493,-0.052654937,0.139744048,-0.120377856
0.84,-0.03951667,-0.051180594,0.147434274,-0.120124312
0.85,-0.040020717,-0.049628763,0.155183124,-0.119868921
0.86,-0.040508855,-0.047998898,0.16298645,-0.119611822
0.87,-0.040980302,-0.046290499,0.170839957,-0.119353159
0.88,-0.04143427,-0.044503107,0.178739204,-0.119093079
0.89,-0.041869968,-0.042636311,0.186679602,-0.118831736
0.9,-0.042286598,-0.040689747,0.194656415,-0.118569287
0.91,-0.042683362,-0.038663099,0.20266476,-0.118305894
0.92,-0.043059458,-0.036556103,0.210699607,-0.118041725
0.93,-0.043414081,-0.034368545,0.21875578,-0.11777695
0.94,-0.043746425,-0.032100266,0.226827956,-0.117511745
0.95,-0.044055683,-0.029751159,0.234910668,-0.117246293
0.96,-0.044341044,-0.027321176,0.2429983,-0.116980777
0.97,-0.044601702,-0.024810325,0.251085097,-0.116715388
0.98,-0.044836847,-0.022218673,0.259165157,-0.116450319
0.99,-0.045045672,-0.019546349,0.267232437,-0.116185771
1,-0.045227371,-0.016793542,0.275280752,-0.115921945
1.01,-0.045381141,-0.013960504,0.283303778,-0.115659049
1.02,-0.045506182,-0.011047553,0.291295052,-0.115397296
1.03,-0.045601695,-0.008055073,0.299247974,-0.1151369
1.04,-0.045666888,-0.004983515,0.307155809,-0.114878083
1.05,-0.045700972,-0.001833399,0.315011689,-0.114621068
1.06,-0.045703166,0.001394688,0.322808614,-0.114366083
1.07,-0.045672692,0.004700082,0.330539455,-0.114113362
1.08,-0.045608781,0.008082052,0.338196958,-0.113863138
1.09,-0.045510672,0.011539789,0.34577374,-0.113615654
1.1,-0.045377611,0.015072412,0.353262302,-0.113371151
1.11,-0.045208854,0.018678962,0.360655022,-0.113129877
1.12,-0.045003668,0.022358404,0.367944164,-0.112892083
1.13,-0.044761327,0.026109623,0.375121878,-0.112658021
1.14,-0.044481122,0.029931425,0.382180207,-0.11242795
1.15,-0.044162352,0.033822536,0.389111085,-0.112202128
1.16,-0.043804332,0.037781599,0.395906347,-0.11198082
1.17,-0.043406388,0.041807176,0.402557728,-0.111764292
1.18,-0.042967863,0.045897745,0.409056869,-0.111552811
1.19,-0.042488116,0.050051698,0.415395323,-0.111346649
1.2,-0.041966521,0.054267344,0.421564554,-0.11114608
1.21,-0.04140247,0.058542903,0.427555951,-0.11095138
1.22,-0.040795372,0.062876512,0.433360823,-0.110762827
1.23,-0.040144659,0.067266216,0.438970411,-0.110580701
1.24,-0.039449778,0.071709975,0.444375891,-0.110405284
1.25,-0.0387102,0.076205659,0.449568379,-0.110236859
1.26,-0.037925416,0.080751048,0.454538938,-0.110075712
1.27,-0.037094942,0.085343834,0.459278583,-0.109922127
1.28,-0.036218315,0.089981617,0.463778291,-0.109776393
1.29,-0.035295097,0.094661907,0.468029002,-0.109638798
1.3,-0.034324877,0.099382123,0.472021629,-0.109509631
1.31,-0.033307268,0.104139594,0.475747066,-0.10938918
1.32,-0.032241912,0.108931556,0.479196193,-0.109277735
1.33,-0.031128479,0.113755154,0.482359884,-0.109175586
1.34,-0.029966666,0.118607445,0.485229019,-0.109083022
1.35,-0.028756202,0.123485389,0.487794486,-0.109000332
1.36,-0.027496845,0.128385861,0.490047192,-0.108927804
1.37,-0.026188388,0.133305642,0.491978073,-0.108865727
1.38,-0.024830653,0.138241423,0.493578104,-0.108814385
1.39,-0.023423496,0.143189806,0.494838302,-0.108774065
1.4,-0.021966811,0.148147304,0.495749744,-0.10874505
1.41,-0.020460523,0.153110339,0.496303569,-0.10872762
1.42,-0.018904595,0.158075249,0.496490994,-0.108722057
1.43,-0.017299027,0.163038282,0.49630332,-0.108728636
1.44,-0.015643858,0.167995602,0.495731948,-0.108747632
1.45,-0.013939163,0.172943286,0.494768382,-0.108779317
1.46,-0.01218506,0.177877328,0.493404248,-0.108823958
1.47,-0.010381705,0.182793641,0.4916313,-0.108881822
1.48,-0.008529297,0.187688056,0.489441433,-0.108953168
1.49,-0.006628075,0.192556322,0.486826696,-0.109038253
1.5,-0.004678323,0.197394116,0.483779304,-0.109137332
1.51,-0.002680367,0.202197032,0.480291647,-0.109250651
1.52,-0.000634579,0.206960595,0.476356307,-0.109378453
1.53,0.001458625,0.211680256,0.471966066,-0.109520978
1.54,0.003598784,0.216351395,0.467113923,-0.109678456
1.55,0.005785387,0.220969326,0.461793104,-0.109851115
1.56,0.00801788,0.225529297,0.455997076,-0.110039175
1.57,0.010295659,0.230026492,0.449719558,-0.11024285
1.58,0.012618072,0.234456038,0.442954538,-0.110462348
1.59,0.014984417,0.238813001,0.435696284,-0.110697868
1.6,0.017393944,0.243092394,0.427939355,-0.110949603
1.61,0.019845852,0.24728918,0.419678619,-0.111217739
1.62,0.022339289,0.251398273,0.410909261,-0.111502452
1.63,0.024873353,0.255414541,0.401626802,-0.111803911
1.64,0.02744709,0.259332812,0.391827103,-0.112122277
1.65,0.030059494,0.263147876,0.38150639,-0.112457701
1.66,0.032709505,0.266854488,0.370661253,-0.112810325
1.67,0.035396015,0.270447375,0.359288672,-0.11318028
1.68,0.038117858,0.273921235,0.347386016,-0.11356769
1.69,0.040873818,0.277270746,0.334951067,-0.113972666
1.7,0.043662624,0.280490566,0.321982023,-0.114395311
1.71,0.046482954,0.283575341,0.308477512,-0.114835715
1.72,0.049333429,0.286519707,0.294436605,-0.115293958
1.73,0.052212619,0.289318296,0.279858822,-0.115770108
1.74,0.055119039,0.291965737,0.264744147,-0.116264222
1.75,0.058051151,0.294456667,0.249093031,-0.116776344
1.76,0.061007363,0.296785731,0.232906408,-0.117306507
1.77,0.06398603,0.298947588,0.216185697,-0.11785473
1.78,0.066985452,0.300936917,0.198932813,-0.11842102
1.79,0.070003879,0.302748418,0.181150174,-0.11900537
1.8,0.073039505,0.304376825,0.162840705,-0.11960776
1.81,0.076090474,0.305816904,0.144007845,-0.120228156
1.82,0.079154876,0.307063459,0.124655549,-0.120866511
1.83,0.08223075,0.308111342,0.104788298,-0.121522762
1.84,0.085316084,0.308955453,0.084411094,-0.122196833
1.85,0.088408815,0.309590748,0.063529469,-0.122888632
1.86,0.09150683,0.310012243,0.042149481,-0.123598053
1.87,0.094607966,0.31021502,0.020277716,-0.124324974
1.88,0.097710012,0.310194233,-0.00207871,-0.125069258
1.89,0.100810709,0.309945111,-0.024912157,-0.125830752
1.9,0.103907749,0.309462967,-0.048214459,-0.126609286
1.91,0.10699878,0.308743197,-0.071976932,-0.127404677
1.92,0.110081403,0.307781293,-0.096190377,-0.128216723
1.93,0.113153173,0.306572843,-0.120845082,-0.129045205
1.94,0.116211605,0.305113534,-0.145930832,-0.12988989
1.95,0.119254169,0.303399165,-0.171436918,-0.130750526
1.96,0.122278293,0.301425644,-0.197352137,-0.131626844
1.97,0.125281366,0.299188996,-0.223664812,-0.132518559
1.98,0.128260738,0.296685368,-0.250362793,-0.133425368
1.99,0.13121372,0.293911033,-0.277433471,-0.134346951
2,0.134137587,0.290862395,-0.30486379,-0.135282969
2.01,0.137029579,0.287535993,-0.332640259,-0.136233067
2.02,0.139886901,0.283928503,-0.360748963,-0.137196871
2.03,0.142706727,0.280036747,-0.389175578,-0.138173991
2.04,0.1454862,0.275857693,-0.417905386,-0.139164016
2.05,0.14822243,0.27138846,-0.446923284,-0.140166521
2.06,0.150912504,0.266626322,-0.476213807,-0.141181058
2.07,0.15355348,0.261568711,-0.505761137,-0.142207166
2.08,0.156142389,0.25621322,-0.53554912,-0.143244361
2.09,0.158676243,0.250557607,-0.565561283,-0.144292146
2.1,0.16115203,0.244599798,-0.595780847,-0.145350001
2.11,0.163566719,0.238337891,-0.626190744,-0.14641739
2.12,0.165917259,0.231770155,-0.656773636,-0.147493759
2.13,0.168200585,0.224895035,-0.687511922,-0.148578536
2.14,0.170413616,0.217711158,-0.718387762,-0.14967113
2.15,0.172553258,0.210217327,-0.749383085,-0.150770933
2.16,0.174616408,0.202412531,-0.780479608,-0.151877317
2.17,0.17659995,0.194295942,-0.811658845,-0.152989638
2.18,0.178500764,0.185866921,-0.842902125,-0.154107234
2.19,0.180315724,0.177125015,-0.8741906,-0.155229424
2.2,0.182041699,0.168069963,-0.905505257,-0.156355511
2.21,0.183675557,0.158701693,-0.936826933,-0.157484779
2.22,0.185214167,0.14902033,-0.968136316,-0.158616496
2.23,0.1866544,0.139026191,-0.999413961,-0.15974991
2.24,0.18799313,0.128719788,-1.030640291,-0.160884255
2.25,0.189227238,0.118101832,-1.061795609,-0.162018747
2.26,0.190353613,0.107173231,-1.092860098,-0.163152584
2.27,0.191369155,0.095935092,-1.123813822,-0.16428495
2.28,0.192270774,0.084388725,-1.154636735,-0.165415009
2.29,0.193055396,0.072535638,-1.185308675,-0.166541913
2.3,0.193719962,0.060377545,-1.215809364,-0.167664794
2.31,0.194261431,0.047916361,-1.246118406,-0.16878277
2.32,0.194676784,0.035154208,-1.276215283,-0.169894945
2.33,0.194963022,0.022093414,-1.306079345,-0.171000406
2.34,0.195117172,0.008736516,-1.335689807,-0.172098226
2.35,0.195136286,-0.004913741,-1.365025738,-0.173187461
2.36,0.195017445,-0.018854402,-1.394066047,-0.174267155
2.37,0.194757761,-0.033082296,-1.422789476,-0.175336338
2.38,0.19435438,-0.047594042,-1.451174581,-0.176394025
2.39,0.193804479,-0.062386039,-1.479199718,-0.177439219
2.4,0.193105277,-0.07745447,-1.506843029,-0.178470907
2.41,0.192254028,-0.092795294,-1.534082419,-0.179488068
2.42,0.19124803,-0.108404249,-1.560895539,-0.180489664
2.43,0.190084625,-0.124276847,-1.587259765,-0.181474648
2.44,0.188761199,-0.140408369,-1.613152174,-0.18244196
2.45,0.187275188,-0.156793864,-1.638549527,-0.18339053
2.46,0.185624077,-0.173428146,-1.663428237,-0.184319276
2.47,0.183805408,-0.19030579,-1.687764352,-0.185227107
2.48,0.181816773,-0.207421125,-1.711533525,-0.186112921
2.49,0.179655826,-0.224768235,-1.734710991,-0.186975608
2.5,0.17732028,-0.24234095,-1.757271543,-0.187814049
2.51,0.174807911,-0.260132845,-1.779189503,-0.188627115
2.52,0.172116561,-0.278137232,-1.800438697,-0.18941367
2.53,0.169244139,-0.296347157,-1.820992435,-0.190172573
2.54,0.166188626,-0.314755392,-1.840823479,-0.190902674
2.55,0.162948077,-0.333354432,-1.859904026,-0.191602816
2.56,0.159520623,-0.352136489,-1.878205682,-0.19227184
2.57,0.155904473,-0.371093483,-1.895699441,-0.192908579
2.58,0.15209792,-0.39021704,-1.912355667,-0.193511862
2.59,0.148099343,-0.40949848,-1.928144078,-0.194080518
2.6,0.143907206,-0.428928818,-1.943033724,-0.194613368
2.61,0.139520068,-0.448498748,-1.956992983,-0.195109234
2.62,0.134936581,-0.468198643,-1.969989543,-0.195566936
2.63,0.130155495,-0.488018547,-1.981990402,-0.195985294
2.64,0.125175662,-0.507948166,-1.992961857,-0.196363125
2.65,0.119996037,-0.527976861,-2.00286951,-0.196699251
2.66,0.114615684,-0.548093643,-2.011678272,-0.196992494
2.67,0.10903378,-0.568287167,-2.019352369,-0.197241677
2.68,0.103249616,-0.588545721,-2.025855355,-0.197445628
2.69,0.097262601,-0.608857222,-2.031150135,-0.19760318
2.7,0.091072269,-0.629209212,-2.035198987,-0.19771317
2.71,0.084678279,-0.649588848,-2.037963589,-0.19777444
2.72,0.07808042,-0.669982898,-2.039405063,-0.197785842
2.73,0.071278617,-0.690377738,-2.039484007,-0.197746234
2.74,0.064272931,-0.710759344,-2.038160555,-0.197654484
2.75,0.057063568,-0.731113288,-2.035394426,-0.19750947
2.76,0.049650878,-0.751424738,-2.031144995,-0.197310081
2.77,0.042035362,-0.771678452,-2.025371358,-0.197055219
2.78,0.034217676,-0.791858776,-2.018032417,-0.196743798
2.79,0.026198634,-0.811949646,-2.009086967,-0.196374749
2.8,0.017979213,-0.831934584,-1.998493791,-0.195947016
2.81,0.009560556,-0.851796701,-1.986211767,-0.195459563
2.82,0.000943979,-0.871518701,-1.972199983,-0.19491137
2.83,-0.007869029,-0.89108288,-1.956417856,-0.194301436
2.84,-0.016876799,-0.910471132,-1.938825268,-0.193628783
2.85,-0.026077479,-0.929664959,-1.919382706,-0.192892452
2.86,-0.035469031,-0.948645473,-1.898051408,-0.192091511
2.87,-0.045049226,-0.967393409,-1.874793525,-0.19122505
2.88,-0.054815639,-0.985889132,-1.849572285,-0.190292184
2.89,-0.064765647,-1.004112653,-1.82235217,-0.189292058
2.9,-0.074896429,-1.022043644,-1.793099096,-0.188223843
2.91,-0.085204954,-1.03966145,-1.761780605,-0.187086743
2.92,-0.095687987,-1.056945111,-1.728366059,-0.18587999
2.93,-0.10634208,-1.073873379,-1.692826844,-0.184602851
2.94,-0.11716357,-1.090424745,-1.65513658,-0.183254626
2.95,-0.128148581,-1.106577458,-1.61527133,-0.181834651
2.96,-0.139293016,-1.122309557,-1.573209817,-0.180342299
2.97,-0.150592559,-1.137598893,-1.528933643,-0.17877698
2.98,-0.162042669,-1.152423168,-1.482427509,-0.177138146
2.99,-0.173638585,-1.166759962,-1.433679435,-0.175425287
3,-0.185375318,-1.180586772,-1.382680973,-0.173637938
3.01,-0.197247657,-1.193881046,-1.329427429,-0.171775675
3.02,-0.209250164,-1.206620227,-1.27391807,-0.169838122
3.03,-0.221377174,-1.21878179,-1.216156326,-0.167824946
3.04,-0.233622799,-1.23034329,-1.15614999,-0.165735864
3.05,-0.245980928,-1.241282404,-1.093911397,-0.16357064
3.06,-0.258445225,-1.25157698,-1.029457603,-0.161329089
3.07,-0.271009135,-1.261205086,-0.962810542,-0.159011076
3.08,-0.283665886,-1.270145057,-0.893997165,-0.156616519
3.09,-0.296408495,-1.278376847,-0.823178974,-0.154150097
3.1,-0.309229836,-1.285891312,-0.751446501,-0.151650097
3.11,-0.322122738,-1.292688998,-0.679768568,-0.149150097
3.12,-0.335080037,-1.298770933,-0.608193481,-0.146650097
3.13,-0.348094585,-1.304138634,-0.53677017,-0.144150097
3.14,-0.361159249,-1.308794115,-0.465548042,-0.141650097
3.15,-0.374266919,-1.312739883,-0.39457682,-0.139150097
3.16,-0.387410513,-1.315978947,-0.323906387,-0.136650097
3.17,-0.400582982,-1.318514813,-0.253586623,-0.134150097
3.18,-0.413777313,-1.320351486,-0.183667249,-0.131650097
3.19,-0.426986538,-1.321493462,-0.114197662,-0.129150097
3.2,-0.440203734,-1.32194573,-0.045226777,-0.126650097
3.21,-0.453422031,-1.321713759,0.023197132,-0.124150097
3.22,-0.466634618,-1.320803493,0.091026588,-0.121650097
3.23,-0.479834742,-1.319221342,0.158215065,-0.119150097
3.24,-0.493015719,-1.316974171,0.224717136,-0.116650097
3.25,-0.506170937,-1.314069284,0.290488622,-0.114150097
3.26,-0.519293855,-1.310514417,0.355486728,-0.111650097
3.27,-0.532378016,-1.306317715,0.419670182,-0.109150097
3.28,-0.545417043,-1.301487722,0.482999361,-0.106650097
3.29,-0.558404648,-1.296033358,0.545436415,-0.104150097
3.3,-0.571334635,-1.289963904,0.606945381,-0.101650097
3.31,-0.584200899,-1.283288981,0.667492295,-0.099150097
3.32,-0.596997437,-1.276018528,0.727045286,-0.096650097
3.33,-0.609718343,-1.268162781,0.785574673,-0.094150097
3.34,-0.622357818,-1.259732251,0.843053048,-0.091650097
3.35,-0.634910168,-1.250737697,0.89945535,-0.089150097
3.36,-0.647369807,-1.241190108,0.954758933,-0.086650097
3.37,-0.659731261,-1.231100672,1.008943624,-0.084150097
3.38,-0.671989168,-1.220480754,1.061991775,-0.081650097
3.39,-0.684138281,-1.209341871,1.113888297,-0.079150097
3.4,-0.696173469,-1.197695664,1.1646207,-0.076650097
3.41,-0.708089717,-1.185553873,1.214179113,-0.074150097
3.42,-0.719882128,-1.17292831,1.262556299,-0.071650097
3.43,-0.731545923,-1.159830833,1.309747665,-0.069150097
3.44,-0.743076444,-1.146273321,1.355751259,-0.066650097
3.45,-0.754469149,-1.132267643,1.400567763,-0.064150097
3.46,-0.765719615,-1.117825638,1.444200481,-0.061650097
3.47,-0.776823539,-1.102959085,1.486655312,-0.059150097
3.48,-0.787776733,-1.087679678,1.527940724,-0.056650097
3.49,-0.798575126,-1.071999001,1.568067722,-0.054150097
3.5,-0.809214764,-1.055928503,1.607049803,-0.051650097
3.51,-0.819691803,-1.039479473,1.644902916,-0.049150097
3.52,-0.830002516,-1.022663019,1.681645409,-0.046650097
3.53,-0.840143281,-1.00549004,1.717297975,-0.044150097
3.54,-0.850110587,-0.987971204,1.751883595,-0.041650097
3.55,-0.859901028,-0.970116929,1.785427477,-0.039150097
3.56,-0.8695113,-0.951937359,1.817956989,-0.036650097
3.57,-0.878938198,-0.933442343,1.849501595,-0.034150097
3.58,-0.888178617,-0.914641415,1.880092785,-0.031650097
3.59,-0.897229543,-0.895543775,1.909764006,-0.029150097
3.6,-0.906088053,-0.876158269,1.938550585,-0.026650097
3.61,-0.914751311,-0.856493373,1.966489667,-0.024150097
3.62,-0.923216564,-0.836557171,1.99362013,-0.021650097
3.63,-0.931481137,-0.816357346,2.019982523,-0.019150097
3.64,-0.939542429,-0.795901156,2.045618986,-0.016650097
3.65,-0.947397912,-0.775195424,2.070573183,-0.014150097
3.66,-0.955045122,-0.754246522,2.094890227,-0.011650097
3.67,-0.962481656,-0.733060356,2.118616614,-0.009150097
3.68,-0.96970517,-0.711642354,2.141800156,-0.006650097
3.69,-0.976713369,-0.689997455,2.164489909,-0.004150097
3.7,-0.983504006,-0.668130094,2.186736115,-0.001650097
3.71,-0.990074878,-0.646044193,2.208590136,0.000849903
3.72,-0.996423815,-0.623743149,2.230104396,0.003349903
3.73,-1.002548679,-0.601229826,2.251332323,0.005849903
3.74,-1.008447361,-0.578506543,2.272328294,0.008349903
3.75,-1.014117769,-0.555575067,2.293147586,0.010849903
3.76,-1.019557828,-0.532436604,2.313846321,0.013349903
3.77,-1.02476547,-0.509091789,2.334481425,0.015849903
3.78,-1.029738632,-0.485540684,2.355110582,0.018349903
3.79,-1.034475249,-0.461782762,2.375792193,0.020849903
3.8,-1.038973248,-0.437816908,2.396585341,0.023349903
3.81,-1.043230539,-0.413641411,2.417549749,0.025849903
3.82,-1.047245016,-0.389253953,2.438745758,0.028349903
3.83,-1.051014544,-0.36465161,2.460234286,0.030849903
3.84,-1.054536956,-0.339830842,2.48207681,0.033349903
3.85,-1.057810048,-0.314787489,2.504335336,0.035849903
3.86,-1.060831569,-0.289516765,2.527072378,0.038349903
3.87,-1.063599219,-0.264013256,2.550350938,0.040849903
3.88,-1.06611064,-0.238270911,2.574234485,0.043349903
3.89,-1.06836341,-0.212283041,2.598786943,0.045849903
3.9,-1.070355036,-0.186042315,2.624072671,0.048349903
3.91,-1.072082952,-0.15954075,2.650156451,0.050849903
3.92,-1.073544504,-0.132769715,2.677103475,0.053349903
3.93,-1.074736952,-0.105719922,2.70497933,0.055849903
3.94,-1.075657459,-0.078381422,2.733849989,0.058349903
3.95,-1.076303084,-0.050743604,2.763781797,0.060849903
3.96,-1.076670778,-0.02279519,2.794841457,0.063349903
3.97,-1.076757375,0.005475771,2.827096018,0.065849903
3.98,-1.076559587,0.034081899,2.860612858,0.068349903
3.99,-1.076073995,0.063036496,2.895459668,0.070849903
4,-1.075297045,0.09235354,2.931704435,0.073349903
4.01,-1.074225039,0.122047694,2.969415413,0.075849903
4.02,-1.072854129,0.152134305,3.008661102,0.078349903
4.03,-1.07118031,0.182629407,3.049510216,0.080849903
4.04,-1.069199414,0.213549724,3.092031648,0.083349903
4.05,-1.066907102,0.244912668,3.136294428,0.085849903
4.06,-1.064298857,0.276736345,3.182367674,0.088349903
4.07,-1.061369978,0.30903955,3.230320538,0.090849903
4.08,-1.058115571,0.341841772,3.280222141,0.093349903
4.09,-1.054530546,0.375163187,3.332141497,0.095849903
4.1,-1.050609607,0.409024661,3.38614743,0.098349903
4.11,-1.046347245,0.443447746,3.442308479,0.100849903
4.12,-1.041737733,0.478454674,3.50069278,0.103349903
4.13,-1.036775118,0.514068353,3.56136795,0.105849903
4.14,-1.031453214,0.550312362,3.624400935,0.108349903
4.15,-1.025765598,0.587210941,3.689857859,0.110849903
4.16,-1.019705598,0.624788979,3.757803835,0.113349903
4.17,-1.013266293,0.663072007,3.82830277,0.115849903
4.18,-1.006440502,0.702086178,3.901417133,0.118349903
4.19,-0.99922078,0.741858255,3.977207704,0.120849903
4.2,-0.991599411,0.782415588,4.055733296,0.123349903
4.21,-0.983568403,0.823786093,4.137050436,0.125849903
4.22,-0.975119481,0.865998223,4.221213024,0.128349903
4.23,-0.966244085,0.909080942,4.308271946,0.130849903
4.24,-0.956933362,0.953063689,4.398274653,0.133349903
4.25,-0.947178162,0.997976336,4.491264693,0.135849903
4.26,-0.936969034,1.043849148,4.587281201,0.138349903
4.27,-0.926296225,1.090712731,4.686358334,0.140849903
4.28,-0.915149672,1.138597978,4.788524657,0.143349903
4.29,-0.903519002,1.187536003,4.893802469,0.145849903
4.3,-0.891393531,1.237558073,5.002207068,0.148349903
4.31,-0.878762263,1.288695533,5.113745954,0.150849903
4.32,-0.865613887,1.340979712,5.228417957,0.153349903
4.33,-0.851936779,1.394441835,5.346212296,0.155849903
4.34,-0.837719006,1.449112911,5.467107564,0.158349903
4.35,-0.822948323,1.505023617,5.591070621,0.160849903
4.36,-0.807612184,1.562204171,5.718055415,0.163349903
4.37,-0.791697742,1.620684188,5.848001708,0.165849903
4.38,-0.775191859,1.680492525,5.980833708,0.168349903
4.39,-0.75808111,1.741657112,6.116458617,0.170849903
4.4,-0.740351801,1.804204762,6.254765077,0.173349903
4.41,-0.721989972,1.868160978,6.395621517,0.175849903
4.42,-0.702981419,1.933549722,6.538874412,0.178349903
4.43,-0.683311726,2.000388803,6.683908159,0.180820281
4.44,-0.662966371,2.06868221,6.829340684,0.183182153
4.45,-0.641930842,2.138423661,6.974145055,0.185383853
4.46,-0.620190708,2.209603157,7.117949663,0.187420537
4.47,-0.597731659,2.282206611,7.260345329,0.189287284
4.48,-0.574539549,2.356215445,7.400883431,0.190979101
4.49,-0.55060044,2.431606186,7.539074091,0.192490929
4.5,-0.525900659,2.508350031,7.674384491,0.193817643
4.51,-0.500426847,2.586412404,7.806237357,0.194954063
4.52,-0.474166023,2.665752501,7.934009668,0.195894954
4.53,-0.447105646,2.746322818,8.057031662,0.196635035
4.54,-0.419233689,2.828068679,8.174586186,0.197168987
4.55,-0.390538706,2.910927764,8.285908495,0.197491458
4.56,-0.361009919,2.99482963,8.390186571,0.197597072
4.57,-0.330637295,3.079695251,8.486562065,0.197480439
4.58,-0.299411636,3.16543657,8.574131963,0.197136166
4.59,-0.267324673,3.251956081,8.651951097,0.196558865
4.6,-0.23436916,3.339146437,8.719035609,0.195743166
4.61,-0.200538977,3.426890113,8.774367506,0.194683732
4.62,-0.165829231,3.515059117,8.816900416,0.193375265
4.63,-0.130236362,3.603514784,8.845566697,0.191812531
4.64,-0.093758249,3.692107644,8.859285996,0.189990363
4.65,-0.056394324,3.780677398,8.856975403,0.187903686
4.66,-0.018145672,3.86905301,8.837561273,0.185547529
4.67,0.020984987,3.957078738,8.802572765,0.183051467
4.68,0.060993466,4.044617062,8.753832356,0.180551467
4.69,0.101874173,4.131524379,8.690731704,0.178051467
4.7,0.143620048,4.217650612,8.612623321,0.175551467
4.71,0.186222499,4.302839644,8.518903222,0.173051467
4.72,0.229671346,4.386929838,8.409019371,0.170551467
4.73,0.273954769,4.469754641,8.28248037,0.168051467
4.74,0.319059258,4.551143284,8.138864268,0.165551467
4.75,0.364969583,4.630921558,7.977827365,0.163051467
4.76,0.411668754,4.708912687,7.799112886,0.160551467
4.77,0.459138009,4.78493828,7.602559339,0.158051467
4.78,0.507356797,4.858819364,7.388108419,0.155551467
4.79,0.556302781,4.930377487,7.155812267,0.153051467
4.8,0.605951848,4.999435886,6.905839906,0.150551467
4.81,0.656278131,5.065820713,6.638482676,0.148051467
4.82,0.707254046,5.129362298,6.354158496,0.145551467
4.83,0.75885034,5.189896445,6.053414772,0.143051467
4.84,0.811036151,5.247265744,5.736929826,0.140551467
4.85,0.863779084,5.301320871,5.405512688,0.138051467
4.86,0.917045298,5.351921882,5.060101173,0.135551467
4.87,0.970799604,5.398939464,4.701758155,0.133051467
4.88,1.025005582,5.442256124,4.331666015,0.130551467
4.89,1.079625699,5.481767317,3.951119254,0.128051467
4.9,1.134621448,5.51738247,3.561515343,0.125551467
4.91,1.18995349,5.549025909,3.164343861,0.123051467
4.92,1.245581808,5.57663765,2.761174098,0.120551467
4.93,1.301465867,5.600174062,2.353641262,0.118051467
4.94,1.357564779,5.619608377,1.943431519,0.115551467
4.95,1.413837476,5.634931038,1.532266108,0.113051467
4.96,1.47024288,5.646149886,1.121884793,0.110551467
4.97,1.526740081,5.653290176,0.714028956,0.108051467
4.98,1.583288504,5.656394422,0.310424613,0.105551467
